Student_ID,Name,Gender,Attendance,Assignment_Marks,Midterm_Marks,Final_Exam_Marks,Total_Marks,Percentage,Result
STU001,Aarav,M,92,18,38,72,128,85.33,Pass
STU002,Ananya,F,88,17,36,68,121,80.67,Pass
STU003,Rohan,M,76,14,31,61,106,70.67,Pass
STU004,Priya,F,95,19,41,78,138,92.0,Pass
STU005,Vikash,M,81,15,33,65,113,75.33,Pass
STU006,Sneha,F,90,18,39,74,131,87.33,Pass
STU007,Aditya,M,73,13,29,58,100,66.67,Pass
STU008,Neha,F,97,20,43,82,145,96.67,Pass
STU009,Rahul,M,84,16,35,70,121,80.67,Pass
STU010,Kajal,F,91,18,40,76,134,89.33,Pass
STU011,Aman,M,79,15,32,63,110,73.33,Pass
STU012,Shreya,F,86,17,37,69,123,82.0,Pass
STU013,Saurabh,M,93,19,42,80,141,94.0,Pass
STU014,Pooja,F,78,14,30,59,103,68.67,Pass
STU015,Abhishek,M,89,18,39,73,130,86.67,Pass
STU016,Riya,F,96,20,44,85,149,99.33,Pass
STU017,Karan,M,74,13,28,55,96,64.0,Pass
STU018,Nisha,F,83,16,34,64,114,76.0,Pass
STU019,Deepak,M,87,17,36,67,120,80.0,Pass
STU020,Simran,F,94,19,41,79,139,92.67,Pass
STU021,Ritesh,M,80,15,33,62,110,73.33,Pass
STU022,Muskan,F,85,17,38,71,126,84.0,Pass
STU023,Anurag,M,98,20,45,88,153,102.0,Pass
STU024,Komal,F,77,14,31,60,105,70.0,Pass
STU025,Vivek,M,90,18,40,75,133,88.67,Pass
STU026,Tanya,F,88,17,37,70,124,82.67,Pass
STU027,Sahil,M,82,16,35,66,117,78.0,Pass
STU028,Pallavi,F,91,19,42,81,142,94.67,Pass
STU029,Ravi,M,75,13,29,57,99,66.0,Pass
STU030,Isha,F,93,18,39,74,131,87.33,Pass
